term,estimate,std.error,t_stat,p.value,ci_low95,ci_hi95,nobs,dataset,model,outcome,pre_window,post_window,n_stacks,n_original_pois,n_stacked_rows,pct_effect,pct_ci_low95,pct_ci_hi95
port_treat,-0.0006044384523353563,0.00017053130003667373,-3.5444428806053105,0.0003934437445054268,-0.0009386798004072368,-0.00027019710426347585,8796470,Stacked_Broad_All,stacked_own_port_intensity,lcus,6,12,71,149504,8796470,-0.06042558162133106,-0.0938239378339269,-0.027016060431336728
port_treat_level2,-0.00026128829550895323,0.00025049634330197545,-1.0430822744345134,0.2969101894304198,-0.000752261128380825,0.0002296845373629186,8796470,Stacked_Broad_All,stacked_own_port_intensity_by_charger,lcus,6,12,71,149504,8796470,-0.026125416269516786,-0.07519782509152088,0.022971091687588718
port_treat_dc,-0.001046360651873263,0.0002291071311628647,-4.567123888996016,4.944617952063966e-06,-0.0014954106289524777,-0.0005973106747940481,8796470,Stacked_Broad_All,stacked_own_port_intensity_by_charger,lcus,6,12,71,149504,8796470,-0.10458134074546864,-0.14942930596223183,-0.05971323202857214
port_treat,-0.0006710106290206185,0.00021664701995795845,-3.0972529839128726,0.0019532310504872838,-0.001095638788138217,-0.0002463824699030199,8796470,Stacked_Broad_All,stacked_own_port_intensity,lspend,6,12,71,149504,8796470,-0.06707855517343879,-0.10950387951063985,-0.024635212023487535
port_treat_level2,-0.000506807372354809,0.0003169988550951534,-1.5987672012338365,0.10987233936613428,-0.0011281251283413096,0.0001145103836316917,8796470,Stacked_Broad_All,stacked_own_port_intensity_by_charger,lspend,6,12,71,149504,8796470,-0.05066789671916163,-0.11274890344090471,0.011451694019593393
port_treat_dc,-0.0008824780082815028,0.00029650698198222387,-2.97624697530532,0.002917997618257166,-0.0014636316929666614,-0.000301324323596344,8796470,Stacked_Broad_All,stacked_own_port_intensity_by_charger,lspend,6,12,71,149504,8796470,-0.08820887390795429,-0.14625611064788047,-0.030127892998186315
