term,estimate,std.error,t_stat,p.value,ci_low95,ci_hi95,nobs,dataset,model,outcome,pre_window,post_window,n_stacks,n_original_pois,n_stacked_rows,pct_effect,pct_ci_low95,pct_ci_hi95
competitor_port_treat,-1.2075314140983677e-06,2.6255977981567555e-06,-0.45990723139168127,0.6455828094270597,-6.353703098485608e-06,3.9386402702888734e-06,8405008,Stacked_Spatial_Competition,stacked_competitor_port_intensity,lcus,6,12,71,82320,8405008,-0.00012075306850326033,-0.0006353682913756826,0.0003938648026742646
competitor_port_treat_level2,1.6987607373705554e-06,2.6208627151319433e-06,0.6481685315154075,0.5168759527956879,-3.4381301842880534e-06,6.835651659029165e-06,8405008,Stacked_Spatial_Competition,stacked_competitor_port_intensity_by_charger,lcus,6,12,71,82320,8405008,0.00016987621802653938,-0.0003438124273925245,0.0006835675022149201
competitor_port_treat_dc,-7.93063509832856e-05,1.4101942443854834e-05,-5.623789155219869,1.8681364593134825e-08,-0.00010694615817324107,-5.1666543793330125e-05,8405008,Stacked_Spatial_Competition,stacked_competitor_port_intensity_by_charger,lcus,6,12,71,82320,8405008,-0.007930320631776365,-0.010694043963672737,-0.005166520910044277
competitor_port_treat,-1.5784042559908243e-06,3.057495239268749e-06,-0.5162409529600204,0.6056861307433012,-7.571094924957572e-06,4.414286412975923e-06,8405008,Stacked_Spatial_Competition,stacked_competitor_port_intensity,lspend,6,12,71,82320,8405008,-0.00015784030103114822,-0.0007571066264290721,0.00044142961559525274
competitor_port_treat_level2,1.010901481175713e-06,3.0926718041857554e-06,0.3268699510266545,0.7437662493730531,-5.050735255028367e-06,7.072538217379794e-06,8405008,Stacked_Spatial_Competition,stacked_competitor_port_intensity_by_charger,lspend,6,12,71,82320,8405008,0.00010109019921367875,-0.0005050722500086534,0.0007072563227837175
competitor_port_treat_dc,-7.115906271602262e-05,1.6992491136883203e-05,-4.187676906393535,2.8182433016959307e-05,-0.00010446434534431369,-3.785378008773154e-05,8405008,Stacked_Spatial_Competition,stacked_competitor_port_intensity_by_charger,lspend,6,12,71,82320,8405008,-0.0071156530969971885,-0.010445888913458436,-0.0037853063642438152
