effect,beta_spend,avg_active_ports,avg_baseline_monthly_spend,n_treated_pois,monthly_spend_effect_per_poi,annual_spend_effect_per_poi,total_annual_effect_all_treated_pois,interpretation
All competitor ports,5.018790443506873e-07,303.1420831025994,3993.970996336947,40009,0.6076453792898073,7.291744551477688,291735.4077600708,Not statistically significant
DC fast competitor ports,-5.07472508585371e-05,132.30166669509603,3993.970996336947,40009,-26.815305070878,-321.783660850536,-12874242.486969097,Preferred monetary interpretation
Level 2 competitor ports,6.432891020815168e-06,309.4653698779129,3993.970996336947,40009,7.951025715323415,95.41230858388099,3817351.054132494,Not statistically significant
