term,estimate,std.error,t_stat,p.value,ci_low95,ci_hi95,nobs,period,sample,outcome,outcome_label
port_treat,-1.892050983616836e-05,0.00012508972780607498,-0.15125550409303462,0.8797741679568133,-0.0002640963763360753,0.0002262553566637386,116930,Period1_2019,All,avg_customer_income,Average Customer Income
port_treat,0.00018851193943040305,0.0005008353192666189,0.37639505877190144,0.7066232189100844,-0.0007931252863321701,0.0011701491651929762,20879,Period1_2019,Disadvantaged,avg_customer_income,Average Customer Income
port_treat,0.00027334110669768294,6.466720735745583e-05,4.226888988521753,2.369444897269029e-05,0.00014659338027706953,0.00040008883311829635,677139,Period2_2021_2023,All,avg_customer_income,Average Customer Income
port_treat,0.0005683958172739021,0.00014221429031405347,3.9967559942021786,6.421643211997553e-05,0.00028965580825835726,0.0008471358262894469,164083,Period2_2021_2023,Disadvantaged,avg_customer_income,Average Customer Income
