term,estimate,std.error,t_stat,p.value,ci_low95,ci_hi95,nobs,period,sample,outcome,outcome_label
port_treat,-0.00012641567709118848,0.00012738887899161924,-0.9923603857092205,0.321021756043657,-0.0003760978799147622,0.00012326652573238525,117289,Period1_2019,All,avg_customer_income,Average Customer Income
port_treat,-0.0002943243045742049,0.0004434223277431856,-0.6637561668853694,0.5068463843637818,-0.0011634320669508486,0.0005747834578024389,18893,Period1_2019,Disadvantaged,avg_customer_income,Average Customer Income
port_treat,0.00029646787840558673,6.33986463845168e-05,4.676249341468433,2.9216933229675327e-06,0.00017220653149193382,0.0004207292253192396,653768,Period2_2021_2023,All,avg_customer_income,Average Customer Income
port_treat,0.0005234098125136611,0.00020616580811319763,2.538780883716068,0.01112394684725041,0.00011932482861179379,0.0009274947964155284,86214,Period2_2021_2023,Disadvantaged,avg_customer_income,Average Customer Income
